"","Package","LibPath","Version","Priority","Depends","Imports","LinkingTo","Suggests","Enhances","License","License_is_FOSS","License_restricts_use","OS_type","MD5sum","NeedsCompilation","Built"
"backports","backports","C:/Users/tjlei/OneDrive/Documents/Cambridge/dissertation/Code/r_packages","1.4.1",NA,"R (>= 3.0.0)",NA,NA,NA,NA,"GPL-2 | GPL-3",NA,NA,NA,NA,"yes","4.2.0"
"brew","brew","C:/Users/tjlei/OneDrive/Documents/Cambridge/dissertation/Code/r_packages","1.0-8",NA,NA,NA,NA,"testthat (>= 3.0.0)",NA,"GPL-2",NA,NA,NA,NA,"no","4.2.3"
"callr","callr","C:/Users/tjlei/OneDrive/Documents/Cambridge/dissertation/Code/r_packages","3.7.3",NA,"R (>= 3.4)","processx (>= 3.6.1), R6, utils",NA,"asciicast, cli (>= 1.1.0), covr, mockery, ps, rprojroot,
spelling, testthat (>= 3.0.0), withr (>= 2.3.0)",NA,"MIT + file LICENSE",NA,NA,NA,NA,"no","4.2.3"
"cli","cli","C:/Users/tjlei/OneDrive/Documents/Cambridge/dissertation/Code/r_packages","3.6.1",NA,"R (>= 3.4)","utils",NA,"callr, covr, crayon, digest, glue (>= 1.6.0), grDevices,
htmltools, htmlwidgets, knitr, methods, mockery, processx, ps
(>= 1.3.4.9000), rlang (>= 1.0.2.9003), rmarkdown, rprojroot,
rstudioapi, testthat, tibble, whoami, withr",NA,"MIT + file LICENSE",NA,NA,NA,NA,"yes","4.2.3"
"collections","collections","C:/Users/tjlei/OneDrive/Documents/Cambridge/dissertation/Code/r_packages","0.3.7",NA,NA,NA,NA,"testthat (>= 2.3.1)",NA,"MIT + file LICENSE",NA,NA,NA,NA,"yes","4.2.3"
"colorspace","colorspace","C:/Users/tjlei/OneDrive/Documents/Cambridge/dissertation/Code/r_packages","2.1-0",NA,"R (>= 3.0.0), methods","graphics, grDevices, stats",NA,"datasets, utils, KernSmooth, MASS, kernlab, mvtnorm, vcd,
tcltk, shiny, shinyjs, ggplot2, dplyr, scales, grid, png, jpeg,
knitr, rmarkdown, RColorBrewer, rcartocolor, scico, viridis,
wesanderson",NA,"BSD_3_clause + file LICENSE",NA,NA,NA,NA,"yes","4.2.3"
"commonmark","commonmark","C:/Users/tjlei/OneDrive/Documents/Cambridge/dissertation/Code/r_packages","1.9.0",NA,NA,NA,NA,"curl, testthat, xml2",NA,"BSD_2_clause + file LICENSE",NA,NA,NA,NA,"yes","4.2.3"
"cpp11","cpp11","C:/Users/tjlei/OneDrive/Documents/Cambridge/dissertation/Code/r_packages","0.4.3",NA,NA,NA,NA,"bench, brio, callr, cli, covr, decor, desc, ggplot2, glue,
knitr, lobstr, mockery, progress, rmarkdown, scales, Rcpp,
testthat, tibble, utils, vctrs, withr",NA,"MIT + file LICENSE",NA,NA,NA,NA,"no","4.2.3"
"crayon","crayon","C:/Users/tjlei/OneDrive/Documents/Cambridge/dissertation/Code/r_packages","1.5.2",NA,NA,"grDevices, methods, utils",NA,"mockery, rstudioapi, testthat, withr",NA,"MIT + file LICENSE",NA,NA,NA,NA,"no","4.2.3"
"cyclocomp","cyclocomp","C:/Users/tjlei/OneDrive/Documents/Cambridge/dissertation/Code/r_packages","1.1.0",NA,NA,"callr, crayon, desc, remotes, withr",NA,"testthat",NA,"MIT + file LICENSE",NA,NA,NA,NA,"no","4.2.3"
"data.table","data.table","C:/Users/tjlei/OneDrive/Documents/Cambridge/dissertation/Code/r_packages","1.14.9",NA,"R (>= 3.1.0)","methods",NA,"bit64 (>= 4.0.0), bit (>= 4.0.4), curl, R.utils, xts,
nanotime, zoo (>= 1.8-1), yaml, knitr, rmarkdown, markdown",NA,"MPL-2.0 | file LICENSE",NA,NA,NA,NA,"yes","4.2.2"
"desc","desc","C:/Users/tjlei/OneDrive/Documents/Cambridge/dissertation/Code/r_packages","1.4.2",NA,"R (>= 3.4)","cli, R6, rprojroot, utils",NA,"callr, covr, gh, spelling, testthat, whoami, withr",NA,"MIT + file LICENSE",NA,NA,NA,NA,"no","4.2.3"
"digest","digest","C:/Users/tjlei/OneDrive/Documents/Cambridge/dissertation/Code/r_packages","0.6.31",NA,"R (>= 3.3.0)","utils",NA,"tinytest, simplermarkdown",NA,"GPL (>= 2)",NA,NA,NA,NA,"yes","4.2.3"
"dplyr","dplyr","C:/Users/tjlei/OneDrive/Documents/Cambridge/dissertation/Code/r_packages","1.1.2",NA,"R (>= 3.5.0)","cli (>= 3.4.0), generics, glue (>= 1.3.2), lifecycle (>=
1.0.3), magrittr (>= 1.5), methods, pillar (>= 1.9.0), R6,
rlang (>= 1.1.0), tibble (>= 3.2.0), tidyselect (>= 1.2.0),
utils, vctrs (>= 0.6.0)",NA,"bench, broom, callr, covr, DBI, dbplyr (>= 2.2.1), ggplot2,
knitr, Lahman, lobstr, microbenchmark, nycflights13, purrr,
rmarkdown, RMySQL, RPostgreSQL, RSQLite, stringi (>= 1.7.6),
testthat (>= 3.1.5), tidyr (>= 1.3.0), withr",NA,"MIT + file LICENSE",NA,NA,NA,NA,"yes","4.2.3"
"evaluate","evaluate","C:/Users/tjlei/OneDrive/Documents/Cambridge/dissertation/Code/r_packages","0.21",NA,"R (>= 3.0.2)","methods",NA,"covr, ggplot2, lattice, rlang, testthat (>= 3.0.0), withr",NA,"MIT + file LICENSE",NA,NA,NA,NA,"no","4.2.3"
"fansi","fansi","C:/Users/tjlei/OneDrive/Documents/Cambridge/dissertation/Code/r_packages","1.0.4",NA,"R (>= 3.1.0)","grDevices, utils",NA,"unitizer, knitr, rmarkdown",NA,"GPL-2 | GPL-3",NA,NA,NA,NA,"yes","4.2.3"
"farver","farver","C:/Users/tjlei/OneDrive/Documents/Cambridge/dissertation/Code/r_packages","2.1.1",NA,NA,NA,NA,"covr, testthat (>= 3.0.0)",NA,"MIT + file LICENSE",NA,NA,NA,NA,"yes","4.2.3"
"fs","fs","C:/Users/tjlei/OneDrive/Documents/Cambridge/dissertation/Code/r_packages","1.6.2",NA,"R (>= 3.4)","methods",NA,"covr, crayon, knitr, pillar (>= 1.0.0), rmarkdown, spelling,
testthat (>= 3.0.0), tibble (>= 1.1.0), vctrs (>= 0.3.0), withr",NA,"MIT + file LICENSE",NA,NA,NA,NA,"yes","4.2.3"
"generics","generics","C:/Users/tjlei/OneDrive/Documents/Cambridge/dissertation/Code/r_packages","0.1.3",NA,"R (>= 3.2)","methods",NA,"covr, pkgload, testthat (>= 3.0.0), tibble, withr",NA,"MIT + file LICENSE",NA,NA,NA,NA,"no","4.2.3"
"ggplot2","ggplot2","C:/Users/tjlei/OneDrive/Documents/Cambridge/dissertation/Code/r_packages","3.4.2",NA,"R (>= 3.3)","cli, glue, grDevices, grid, gtable (>= 0.1.1), isoband,
lifecycle (> 1.0.1), MASS, mgcv, rlang (>= 1.1.0), scales (>=
1.2.0), stats, tibble, vctrs (>= 0.5.0), withr (>= 2.5.0)",NA,"covr, dplyr, ggplot2movies, hexbin, Hmisc, knitr, lattice,
mapproj, maps, maptools, multcomp, munsell, nlme, profvis,
quantreg, ragg, RColorBrewer, rgeos, rmarkdown, rpart, sf (>=
0.7-3), svglite (>= 1.2.0.9001), testthat (>= 3.1.2), vdiffr
(>= 1.0.0), xml2","sp","MIT + file LICENSE",NA,NA,NA,NA,"no","4.2.3"
"glue","glue","C:/Users/tjlei/OneDrive/Documents/Cambridge/dissertation/Code/r_packages","1.6.2",NA,"R (>= 3.4)","methods",NA,"covr, crayon, DBI, dplyr, forcats, ggplot2, knitr, magrittr,
microbenchmark, R.utils, rmarkdown, rprintf, RSQLite, stringr,
testthat (>= 3.0.0), vctrs (>= 0.3.0), waldo (>= 0.3.0), withr",NA,"MIT + file LICENSE",NA,NA,NA,NA,"yes","4.2.3"
"gtable","gtable","C:/Users/tjlei/OneDrive/Documents/Cambridge/dissertation/Code/r_packages","0.3.3",NA,"R (>= 3.5)","cli, glue, grid, lifecycle, rlang (>= 1.1.0)",NA,"covr, ggplot2, knitr, profvis, rmarkdown, testthat (>= 3.0.0)",NA,"MIT + file LICENSE",NA,NA,NA,NA,"no","4.2.3"
"highr","highr","C:/Users/tjlei/OneDrive/Documents/Cambridge/dissertation/Code/r_packages","0.10",NA,"R (>= 3.3.0)","xfun (>= 0.18)",NA,"knitr, markdown, testit",NA,"GPL",NA,NA,NA,NA,"no","4.2.3"
"httpgd","httpgd","C:/Users/tjlei/OneDrive/Documents/Cambridge/dissertation/Code/r_packages","1.3.1",NA,"R (>= 3.2.0)","later (>= 1.1.0), systemfonts (>= 1.0.0)","cpp11 (>= 0.2.4), BH (>= 1.75.0), later, systemfonts","testthat, xml2 (>= 1.0.0), fontquiver (>= 0.2.0), knitr,
rmarkdown",NA,"GPL (>= 2)",NA,NA,NA,NA,"yes","4.2.3"
"isoband","isoband","C:/Users/tjlei/OneDrive/Documents/Cambridge/dissertation/Code/r_packages","0.2.7",NA,NA,"grid, utils",NA,"covr, ggplot2, knitr, magick, microbenchmark, rmarkdown, sf,
testthat, xml2",NA,"MIT + file LICENSE",NA,NA,NA,NA,"yes","4.2.3"
"jsonlite","jsonlite","C:/Users/tjlei/OneDrive/Documents/Cambridge/dissertation/Code/r_packages","1.8.5",NA,"methods",NA,NA,"httr, vctrs, testthat, knitr, rmarkdown, R.rsp, sf",NA,"MIT + file LICENSE",NA,NA,NA,NA,"yes","4.2.3"
"knitr","knitr","C:/Users/tjlei/OneDrive/Documents/Cambridge/dissertation/Code/r_packages","1.43",NA,"R (>= 3.3.0)","evaluate (>= 0.15), highr, methods, tools, xfun (>= 0.39),
yaml (>= 2.1.19)",NA,"bslib, codetools, DBI (>= 0.4-1), digest, formatR, gifski,
gridSVG, htmlwidgets (>= 0.7), curl, jpeg, JuliaCall (>=
0.11.1), magick, markdown (>= 1.3), png, ragg, reticulate (>=
1.4), rgl (>= 0.95.1201), rlang, rmarkdown, sass, showtext,
styler (>= 1.2.0), targets (>= 0.6.0), testit, tibble,
tikzDevice (>= 0.10), tinytex, webshot, rstudioapi, xml2 (>=
1.2.0)",NA,"GPL",NA,NA,NA,NA,"no","4.2.3"
"labeling","labeling","C:/Users/tjlei/OneDrive/Documents/Cambridge/dissertation/Code/r_packages","0.4.2",NA,NA,"stats, graphics",NA,NA,NA,"MIT + file LICENSE | Unlimited",NA,NA,NA,NA,"no","4.2.0"
"languageserver","languageserver","C:/Users/tjlei/OneDrive/Documents/Cambridge/dissertation/Code/r_packages","0.3.15",NA,"R (>= 3.4.0)","callr (>= 3.0.0), collections (>= 0.3.0), fs (>= 1.3.1),
jsonlite (>= 1.6), lintr (>= 3.0.0), parallel, R6 (>= 2.4.1),
roxygen2 (>= 7.0.0), stringi (>= 1.1.7), styler (>= 1.5.1),
tools, utils, xml2 (>= 1.2.2), xmlparsedata (>= 1.0.3)",NA,"covr (>= 3.4.0), magrittr (>= 1.5), mockery (>= 0.4.2),
processx (>= 3.4.1), purrr (>= 0.3.3), testthat (>= 2.1.0),
withr (>= 2.3.0), rmarkdown (>= 2.0)",NA,"MIT + file LICENSE",NA,NA,NA,NA,"yes","4.2.3"
"later","later","C:/Users/tjlei/OneDrive/Documents/Cambridge/dissertation/Code/r_packages","1.3.1",NA,NA,"Rcpp (>= 0.12.9), rlang","Rcpp","knitr, rmarkdown, testthat (>= 2.1.0)",NA,"MIT + file LICENSE",NA,NA,NA,NA,"yes","4.2.3"
"lazyeval","lazyeval","C:/Users/tjlei/OneDrive/Documents/Cambridge/dissertation/Code/r_packages","0.2.2",NA,"R (>= 3.1.0)",NA,NA,"knitr, rmarkdown (>= 0.2.65), testthat, covr",NA,"GPL-3",NA,NA,NA,NA,"yes","4.2.3"
"lifecycle","lifecycle","C:/Users/tjlei/OneDrive/Documents/Cambridge/dissertation/Code/r_packages","1.0.3",NA,"R (>= 3.4)","cli (>= 3.4.0), glue, rlang (>= 1.0.6)",NA,"covr, crayon, knitr, lintr, rmarkdown, testthat (>= 3.0.1),
tibble, tidyverse, tools, vctrs, withr",NA,"MIT + file LICENSE",NA,NA,NA,NA,"no","4.2.3"
"lintr","lintr","C:/Users/tjlei/OneDrive/Documents/Cambridge/dissertation/Code/r_packages","3.0.2",NA,"R (>= 3.2)","backports, codetools, crayon, cyclocomp, digest, glue,
jsonlite, knitr, rex, stats, utils, xml2 (>= 1.0.0),
xmlparsedata (>= 1.0.5)",NA,"covr, httr (>= 1.2.1), mockery, patrick, pkgdown, rmarkdown,
rstudioapi (>= 0.2), testthat (>= 3.0.0), tibble, withr (>=
2.5.0)",NA,"MIT + file LICENSE",NA,NA,NA,NA,"no","4.2.3"
"lubridate","lubridate","C:/Users/tjlei/OneDrive/Documents/Cambridge/dissertation/Code/r_packages","1.9.2",NA,"methods, R (>= 3.2)","generics, timechange (>= 0.1.1)",NA,"covr, knitr, rmarkdown, testthat (>= 2.1.0), vctrs (>= 0.5.0)","chron, data.table, timeDate, tis, zoo","GPL (>= 2)",NA,NA,NA,NA,"yes","4.2.3"
"magrittr","magrittr","C:/Users/tjlei/OneDrive/Documents/Cambridge/dissertation/Code/r_packages","2.0.3",NA,"R (>= 3.4.0)",NA,NA,"covr, knitr, rlang, rmarkdown, testthat",NA,"MIT + file LICENSE",NA,NA,NA,NA,"yes","4.2.3"
"munsell","munsell","C:/Users/tjlei/OneDrive/Documents/Cambridge/dissertation/Code/r_packages","0.5.0",NA,NA,"colorspace, methods",NA,"ggplot2, testthat",NA,"MIT + file LICENSE",NA,NA,NA,NA,"no","4.2.3"
"pillar","pillar","C:/Users/tjlei/OneDrive/Documents/Cambridge/dissertation/Code/r_packages","1.9.0",NA,NA,"cli (>= 2.3.0), fansi, glue, lifecycle, rlang (>= 1.0.2), utf8
(>= 1.1.0), utils, vctrs (>= 0.5.0)",NA,"bit64, DBI, debugme, DiagrammeR, dplyr, formattable, ggplot2,
knitr, lubridate, nanotime, nycflights13, palmerpenguins,
rmarkdown, scales, stringi, survival, testthat (>= 3.1.1),
tibble, units (>= 0.7.2), vdiffr, withr",NA,"MIT + file LICENSE",NA,NA,NA,NA,"no","4.2.3"
"pkgconfig","pkgconfig","C:/Users/tjlei/OneDrive/Documents/Cambridge/dissertation/Code/r_packages","2.0.3",NA,NA,"utils",NA,"covr, testthat, disposables (>= 1.0.3)",NA,"MIT + file LICENSE",NA,NA,NA,NA,"no","4.2.3"
"pkgload","pkgload","C:/Users/tjlei/OneDrive/Documents/Cambridge/dissertation/Code/r_packages","1.3.2",NA,"R (>= 3.4.0)","cli (>= 3.3.0), crayon, desc, fs, glue, methods, rlang (>=
1.0.3), rprojroot, utils, withr (>= 2.4.3)",NA,"bitops, covr, mathjaxr, mockr, pak, pkgbuild, Rcpp, remotes,
rstudioapi, testthat (>= 3.1.0)",NA,"GPL-3",NA,NA,NA,NA,"no","4.2.3"
"processx","processx","C:/Users/tjlei/OneDrive/Documents/Cambridge/dissertation/Code/r_packages","3.8.1",NA,"R (>= 3.4.0)","ps (>= 1.2.0), R6, utils",NA,"callr (>= 3.7.3), cli (>= 3.3.0), codetools, covr, curl,
debugme, parallel, rlang (>= 1.0.2), testthat (>= 3.0.0),
webfakes, withr",NA,"MIT + file LICENSE",NA,NA,NA,NA,"yes","4.2.3"
"ps","ps","C:/Users/tjlei/OneDrive/Documents/Cambridge/dissertation/Code/r_packages","1.7.5",NA,"R (>= 3.4)","utils",NA,"callr, covr, curl, pillar, pingr, processx (>= 3.1.0), R6,
rlang, testthat (>= 3.0.0), webfakes",NA,"MIT + file LICENSE",NA,NA,NA,NA,"yes","4.2.3"
"purrr","purrr","C:/Users/tjlei/OneDrive/Documents/Cambridge/dissertation/Code/r_packages","1.0.1",NA,"R (>= 3.4.0)","cli (>= 3.4.0), lifecycle (>= 1.0.3), magrittr (>= 1.5.0),
rlang (>= 0.4.10), vctrs (>= 0.5.0)","cli","covr, dplyr (>= 0.7.8), httr, knitr, lubridate, rmarkdown,
testthat (>= 3.0.0), tibble, tidyselect",NA,"MIT + file LICENSE",NA,NA,NA,NA,"yes","4.2.3"
"R.cache","R.cache","C:/Users/tjlei/OneDrive/Documents/Cambridge/dissertation/Code/r_packages","0.16.0",NA,"R (>= 2.14.0)","utils, R.methodsS3 (>= 1.8.1), R.oo (>= 1.24.0), R.utils (>=
2.10.1), digest (>= 0.6.13)",NA,NA,NA,"LGPL (>= 2.1)",NA,NA,NA,NA,"no","4.2.3"
"R.methodsS3","R.methodsS3","C:/Users/tjlei/OneDrive/Documents/Cambridge/dissertation/Code/r_packages","1.8.2",NA,"R (>= 2.13.0)","utils",NA,"codetools",NA,"LGPL (>= 2.1)",NA,NA,NA,NA,"no","4.2.2"
"R.oo","R.oo","C:/Users/tjlei/OneDrive/Documents/Cambridge/dissertation/Code/r_packages","1.25.0",NA,"R (>= 2.13.0), R.methodsS3 (>= 1.8.1)","methods, utils",NA,"tools",NA,"LGPL (>= 2.1)",NA,NA,NA,NA,"no","4.2.2"
"R.utils","R.utils","C:/Users/tjlei/OneDrive/Documents/Cambridge/dissertation/Code/r_packages","2.12.2",NA,"R (>= 2.14.0), R.oo","methods, utils, tools, R.methodsS3",NA,"datasets, digest (>= 0.6.10)",NA,"LGPL (>= 2.1)",NA,NA,NA,NA,"no","4.2.3"
"R6","R6","C:/Users/tjlei/OneDrive/Documents/Cambridge/dissertation/Code/r_packages","2.5.1",NA,"R (>= 3.0)",NA,NA,"testthat, pryr",NA,"MIT + file LICENSE",NA,NA,NA,NA,"no","4.2.3"
"RColorBrewer","RColorBrewer","C:/Users/tjlei/OneDrive/Documents/Cambridge/dissertation/Code/r_packages","1.1-3",NA,"R (>= 2.0.0)",NA,NA,NA,NA,"Apache License 2.0",NA,NA,NA,NA,"no","4.2.0"
"Rcpp","Rcpp","C:/Users/tjlei/OneDrive/Documents/Cambridge/dissertation/Code/r_packages","1.0.10",NA,NA,"methods, utils",NA,"tinytest, inline, rbenchmark, pkgKitten (>= 0.1.2)",NA,"GPL (>= 2)",NA,NA,NA,NA,"yes","4.2.3"
"remotes","remotes","C:/Users/tjlei/OneDrive/Documents/Cambridge/dissertation/Code/r_packages","2.4.2",NA,"R (>= 3.0.0)","methods, stats, tools, utils",NA,"brew, callr, codetools, curl, covr, git2r (>= 0.23.0), knitr,
mockery, pkgbuild (>= 1.0.1), pingr, rmarkdown, rprojroot,
testthat, webfakes, withr",NA,"MIT + file LICENSE",NA,NA,NA,NA,"no","4.2.3"
"rex","rex","C:/Users/tjlei/OneDrive/Documents/Cambridge/dissertation/Code/r_packages","1.2.1",NA,NA,"lazyeval",NA,"covr, dplyr, ggplot2, Hmisc, knitr, magrittr, rmarkdown,
roxygen2, rvest, stringr, testthat",NA,"MIT + file LICENSE",NA,NA,NA,NA,"no","4.2.3"
"rlang","rlang","C:/Users/tjlei/OneDrive/Documents/Cambridge/dissertation/Code/r_packages","1.1.1",NA,"R (>= 3.5.0)","utils",NA,"cli (>= 3.1.0), covr, crayon, fs, glue, knitr, magrittr,
methods, pillar, rmarkdown, stats, testthat (>= 3.0.0), tibble,
usethis, vctrs (>= 0.2.3), withr","winch","MIT + file LICENSE",NA,NA,NA,NA,"yes","4.2.3"
"roxygen2","roxygen2","C:/Users/tjlei/OneDrive/Documents/Cambridge/dissertation/Code/r_packages","7.2.3",NA,"R (>= 3.3)","brew, cli (>= 3.3.0), commonmark, desc (>= 1.2.0), knitr,
methods, pkgload (>= 1.0.2), purrr (>= 0.3.3), R6 (>= 2.1.2),
rlang (>= 1.0.6), stringi, stringr (>= 1.0.0), utils, withr,
xml2","cpp11","covr, R.methodsS3, R.oo, rmarkdown (>= 2.16), testthat (>=
3.1.2), yaml",NA,"MIT + file LICENSE",NA,NA,NA,NA,"yes","4.2.3"
"rprojroot","rprojroot","C:/Users/tjlei/OneDrive/Documents/Cambridge/dissertation/Code/r_packages","2.0.3",NA,"R (>= 3.0.0)",NA,NA,"covr, knitr, lifecycle, mockr, rmarkdown, testthat (>=
3.0.0), withr",NA,"MIT + file LICENSE",NA,NA,NA,NA,"no","4.2.3"
"scales","scales","C:/Users/tjlei/OneDrive/Documents/Cambridge/dissertation/Code/r_packages","1.2.1",NA,"R (>= 3.2)","farver (>= 2.0.3), labeling, lifecycle, munsell (>= 0.5), R6,
RColorBrewer, rlang (>= 1.0.0), viridisLite",NA,"bit64, covr, dichromat, ggplot2, hms (>= 0.5.0), stringi,
testthat (>= 3.0.0), waldo (>= 0.4.0)",NA,"MIT + file LICENSE",NA,NA,NA,NA,"no","4.2.3"
"stringi","stringi","C:/Users/tjlei/OneDrive/Documents/Cambridge/dissertation/Code/r_packages","1.7.12",NA,"R (>= 3.1)","tools, utils, stats",NA,NA,NA,"file LICENSE","yes",NA,NA,NA,"yes","4.2.2"
"stringr","stringr","C:/Users/tjlei/OneDrive/Documents/Cambridge/dissertation/Code/r_packages","1.5.0",NA,"R (>= 3.3)","cli, glue (>= 1.6.1), lifecycle (>= 1.0.3), magrittr, rlang
(>= 1.0.0), stringi (>= 1.5.3), vctrs",NA,"covr, htmltools, htmlwidgets, knitr, rmarkdown, testthat (>=
3.0.0)",NA,"MIT + file LICENSE",NA,NA,NA,NA,"no","4.2.3"
"styler","styler","C:/Users/tjlei/OneDrive/Documents/Cambridge/dissertation/Code/r_packages","1.10.1",NA,"R (>= 3.6.0)","cli (>= 3.1.1), magrittr (>= 2.0.0), purrr (>= 0.2.3), R.cache
(>= 0.15.0), rlang (>= 1.0.0), rprojroot (>= 1.1), tools, vctrs
(>= 0.4.1), withr (>= 2.3.0),",NA,"data.tree (>= 0.1.6), digest, dplyr, here, knitr, prettycode,
rmarkdown, roxygen2, rstudioapi (>= 0.7), tibble (>= 1.4.2),
testthat (>= 3.0.0)",NA,"MIT + file LICENSE",NA,NA,NA,NA,"no","4.2.3"
"systemfonts","systemfonts","C:/Users/tjlei/OneDrive/Documents/Cambridge/dissertation/Code/r_packages","1.0.4",NA,"R (>= 3.2.0)",NA,"cpp11 (>= 0.2.1)","testthat (>= 2.1.0), covr, knitr, rmarkdown, tools",NA,"MIT + file LICENSE",NA,NA,NA,NA,"yes","4.2.3"
"tibble","tibble","C:/Users/tjlei/OneDrive/Documents/Cambridge/dissertation/Code/r_packages","3.2.1",NA,"R (>= 3.4.0)","fansi (>= 0.4.0), lifecycle (>= 1.0.0), magrittr, methods,
pillar (>= 1.8.1), pkgconfig, rlang (>= 1.0.2), utils, vctrs
(>= 0.4.2)",NA,"bench, bit64, blob, brio, callr, cli, covr, crayon (>=
1.3.4), DiagrammeR, dplyr, evaluate, formattable, ggplot2,
here, hms, htmltools, knitr, lubridate, mockr, nycflights13,
pkgbuild, pkgload, purrr, rmarkdown, stringi, testthat (>=
3.0.2), tidyr, withr",NA,"MIT + file LICENSE",NA,NA,NA,NA,"yes","4.2.3"
"tidyselect","tidyselect","C:/Users/tjlei/OneDrive/Documents/Cambridge/dissertation/Code/r_packages","1.2.0",NA,"R (>= 3.4)","cli (>= 3.3.0), glue (>= 1.3.0), lifecycle (>= 1.0.3), rlang
(>= 1.0.4), vctrs (>= 0.4.1), withr",NA,"covr, crayon, dplyr, knitr, magrittr, rmarkdown, stringr,
testthat (>= 3.1.1), tibble (>= 2.1.3)",NA,"MIT + file LICENSE",NA,NA,NA,NA,"no","4.2.3"
"timechange","timechange","C:/Users/tjlei/OneDrive/Documents/Cambridge/dissertation/Code/r_packages","0.2.0",NA,"R (>= 3.3)",NA,"cpp11 (>= 0.2.7)","testthat (>= 0.7.1.99), knitr",NA,"GPL-3",NA,NA,NA,NA,"yes","4.2.3"
"utf8","utf8","C:/Users/tjlei/OneDrive/Documents/Cambridge/dissertation/Code/r_packages","1.2.3",NA,"R (>= 2.10)",NA,NA,"cli, covr, knitr, rlang, rmarkdown, testthat (>= 3.0.0),
withr",NA,"Apache License (== 2.0) | file LICENSE",NA,NA,NA,NA,"yes","4.2.3"
"vctrs","vctrs","C:/Users/tjlei/OneDrive/Documents/Cambridge/dissertation/Code/r_packages","0.6.3",NA,"R (>= 3.5.0)","cli (>= 3.4.0), glue, lifecycle (>= 1.0.3), rlang (>= 1.1.0)",NA,"bit64, covr, crayon, dplyr (>= 0.8.5), generics, knitr,
pillar (>= 1.4.4), pkgdown (>= 2.0.1), rmarkdown, testthat (>=
3.0.0), tibble (>= 3.1.3), waldo (>= 0.2.0), withr, xml2,
zeallot",NA,"MIT + file LICENSE",NA,NA,NA,NA,"yes","4.2.2"
"viridisLite","viridisLite","C:/Users/tjlei/OneDrive/Documents/Cambridge/dissertation/Code/r_packages","0.4.2",NA,"R (>= 2.10)",NA,NA,"hexbin (>= 1.27.0), ggplot2 (>= 1.0.1), testthat, covr",NA,"MIT + file LICENSE",NA,NA,NA,NA,"no","4.2.3"
"withr","withr","C:/Users/tjlei/OneDrive/Documents/Cambridge/dissertation/Code/r_packages","2.5.0",NA,"R (>= 3.2.0)","graphics, grDevices, stats",NA,"callr, covr, DBI, knitr, lattice, methods, rlang, rmarkdown
(>= 2.12), RSQLite, testthat (>= 3.0.0)",NA,"MIT + file LICENSE",NA,NA,NA,NA,"no","4.2.3"
"xfun","xfun","C:/Users/tjlei/OneDrive/Documents/Cambridge/dissertation/Code/r_packages","0.39",NA,NA,"stats, tools",NA,"testit, parallel, codetools, rstudioapi, tinytex (>= 0.30),
mime, markdown (>= 1.5), knitr (>= 1.42), htmltools, remotes,
pak, rhub, renv, curl, jsonlite, magick, yaml, rmarkdown",NA,"MIT + file LICENSE",NA,NA,NA,NA,"yes","4.2.3"
"xml2","xml2","C:/Users/tjlei/OneDrive/Documents/Cambridge/dissertation/Code/r_packages","1.3.4",NA,"R (>= 3.1.0)","methods",NA,"covr, curl, httr, knitr, magrittr, mockery, rmarkdown,
testthat (>= 2.1.0)",NA,"MIT + file LICENSE",NA,NA,NA,NA,"yes","4.2.3"
"xmlparsedata","xmlparsedata","C:/Users/tjlei/OneDrive/Documents/Cambridge/dissertation/Code/r_packages","1.0.5",NA,"R (>= 3.0.0)",NA,NA,"covr, testthat, xml2",NA,"MIT + file LICENSE",NA,NA,NA,NA,"no","4.2.3"
"yaml","yaml","C:/Users/tjlei/OneDrive/Documents/Cambridge/dissertation/Code/r_packages","2.3.7",NA,NA,NA,NA,"RUnit",NA,"BSD_3_clause + file LICENSE",NA,NA,NA,NA,"yes","4.2.3"
"base","base","C:/Program Files/R/R-4.2.2/library","4.2.2","base",NA,NA,NA,"methods",NA,"Part of R 4.2.2",NA,NA,NA,NA,NA,"4.2.2"
"boot","boot","C:/Program Files/R/R-4.2.2/library","1.3-28","recommended","R (>= 3.0.0), graphics, stats",NA,NA,"MASS, survival",NA,"Unlimited",NA,NA,NA,NA,"no","4.2.2"
"class","class","C:/Program Files/R/R-4.2.2/library","7.3-20","recommended","R (>= 3.0.0), stats, utils","MASS",NA,NA,NA,"GPL-2 | GPL-3",NA,NA,NA,NA,"yes","4.2.2"
"cluster","cluster","C:/Program Files/R/R-4.2.2/library","2.1.4","recommended","R (>= 3.5.0)","graphics, grDevices, stats, utils",NA,"MASS, Matrix",NA,"GPL (>= 2)",NA,NA,NA,NA,"yes","4.2.2"
"codetools","codetools","C:/Program Files/R/R-4.2.2/library","0.2-18","recommended","R (>= 2.1)",NA,NA,NA,NA,"GPL",NA,NA,NA,NA,"no","4.2.2"
"compiler","compiler","C:/Program Files/R/R-4.2.2/library","4.2.2","base",NA,NA,NA,NA,NA,"Part of R 4.2.2",NA,NA,NA,NA,NA,"4.2.2"
"datasets","datasets","C:/Program Files/R/R-4.2.2/library","4.2.2","base",NA,NA,NA,NA,NA,"Part of R 4.2.2",NA,NA,NA,NA,NA,"4.2.2"
"foreign","foreign","C:/Program Files/R/R-4.2.2/library","0.8-83","recommended","R (>= 4.0.0)","methods, utils, stats",NA,NA,NA,"GPL (>= 2)",NA,NA,NA,NA,"yes","4.2.2"
"graphics","graphics","C:/Program Files/R/R-4.2.2/library","4.2.2","base",NA,"grDevices",NA,NA,NA,"Part of R 4.2.2",NA,NA,NA,NA,"yes","4.2.2"
"grDevices","grDevices","C:/Program Files/R/R-4.2.2/library","4.2.2","base",NA,NA,NA,"KernSmooth",NA,"Part of R 4.2.2",NA,NA,NA,NA,"yes","4.2.2"
"grid","grid","C:/Program Files/R/R-4.2.2/library","4.2.2","base",NA,"grDevices, utils",NA,NA,NA,"Part of R 4.2.2",NA,NA,NA,NA,"yes","4.2.2"
"KernSmooth","KernSmooth","C:/Program Files/R/R-4.2.2/library","2.23-20","recommended","R (>= 2.5.0), stats",NA,NA,"MASS, carData",NA,"Unlimited",NA,NA,NA,NA,"yes","4.2.2"
"lattice","lattice","C:/Program Files/R/R-4.2.2/library","0.20-45","recommended","R (>= 3.0.0)","grid, grDevices, graphics, stats, utils",NA,"KernSmooth, MASS, latticeExtra","chron","GPL (>= 2)",NA,NA,NA,NA,"yes","4.2.2"
"MASS","MASS","C:/Program Files/R/R-4.2.2/library","7.3-58.1","recommended","R (>= 3.3.0), grDevices, graphics, stats, utils","methods",NA,"lattice, nlme, nnet, survival",NA,"GPL-2 | GPL-3",NA,NA,NA,NA,"yes","4.2.2"
"Matrix","Matrix","C:/Program Files/R/R-4.2.2/library","1.5-1","recommended","R (>= 3.5.0)","methods, graphics, grid, stats, utils, lattice",NA,"expm, MASS","MatrixModels, graph, SparseM, sfsmisc, igraph, maptools, sp,
spdep","GPL (>= 2) | file LICENCE",NA,NA,NA,NA,"yes","4.2.2"
"methods","methods","C:/Program Files/R/R-4.2.2/library","4.2.2","base",NA,"utils, stats",NA,"codetools",NA,"Part of R 4.2.2",NA,NA,NA,NA,"yes","4.2.2"
"mgcv","mgcv","C:/Program Files/R/R-4.2.2/library","1.8-41","recommended","R (>= 3.6.0), nlme (>= 3.1-64)","methods, stats, graphics, Matrix, splines, utils",NA,"parallel, survival, MASS",NA,"GPL (>= 2)",NA,NA,NA,NA,"yes","4.2.2"
"nlme","nlme","C:/Program Files/R/R-4.2.2/library","3.1-160","recommended","R (>= 3.5.0)","graphics, stats, utils, lattice",NA,"Hmisc, MASS, SASmixed",NA,"GPL (>= 2)",NA,NA,NA,NA,"yes","4.2.2"
"nnet","nnet","C:/Program Files/R/R-4.2.2/library","7.3-18","recommended","R (>= 3.0.0), stats, utils",NA,NA,"MASS",NA,"GPL-2 | GPL-3",NA,NA,NA,NA,"yes","4.2.2"
"parallel","parallel","C:/Program Files/R/R-4.2.2/library","4.2.2","base",NA,"tools, compiler",NA,"methods","snow, nws, Rmpi","Part of R 4.2.2",NA,NA,NA,NA,"yes","4.2.2"
"rpart","rpart","C:/Program Files/R/R-4.2.2/library","4.1.19","recommended","R (>= 2.15.0), graphics, stats, grDevices",NA,NA,"survival",NA,"GPL-2 | GPL-3",NA,NA,NA,NA,"yes","4.2.2"
"spatial","spatial","C:/Program Files/R/R-4.2.2/library","7.3-15","recommended","R (>= 3.0.0), graphics, stats, utils",NA,NA,"MASS",NA,"GPL-2 | GPL-3",NA,NA,NA,NA,"yes","4.2.2"
"splines","splines","C:/Program Files/R/R-4.2.2/library","4.2.2","base",NA,"graphics, stats",NA,"Matrix, methods",NA,"Part of R 4.2.2",NA,NA,NA,NA,"yes","4.2.2"
"stats","stats","C:/Program Files/R/R-4.2.2/library","4.2.2","base",NA,"utils, grDevices, graphics",NA,"MASS, Matrix, SuppDists, methods, stats4",NA,"Part of R 4.2.2",NA,NA,NA,NA,"yes","4.2.2"
"stats4","stats4","C:/Program Files/R/R-4.2.2/library","4.2.2","base",NA,"graphics, methods, stats",NA,NA,NA,"Part of R 4.2.2",NA,NA,NA,NA,NA,"4.2.2"
"survival","survival","C:/Program Files/R/R-4.2.2/library","3.4-0","recommended","R (>= 3.5.0)","graphics, Matrix, methods, splines, stats, utils",NA,NA,NA,"LGPL (>= 2)",NA,NA,NA,NA,"yes","4.2.2"
"tcltk","tcltk","C:/Program Files/R/R-4.2.2/library","4.2.2","base",NA,"utils",NA,NA,NA,"Part of R 4.2.2",NA,NA,NA,NA,"yes","4.2.2"
"tools","tools","C:/Program Files/R/R-4.2.2/library","4.2.2","base",NA,NA,NA,"codetools, methods, xml2, curl, commonmark, knitr, xfun,
mathjaxr",NA,"Part of R 4.2.2",NA,NA,NA,NA,"yes","4.2.2"
"translations","translations","C:/Program Files/R/R-4.2.2/library","4.2.2",NA,NA,NA,NA,NA,NA,"Part of R 4.2.2",NA,NA,NA,NA,NA,"4.2.2"
"utils","utils","C:/Program Files/R/R-4.2.2/library","4.2.2","base",NA,NA,NA,"methods, xml2, commonmark, knitr",NA,"Part of R 4.2.2",NA,NA,NA,NA,"yes","4.2.2"
